year,week,withx44,covidsubtracted,dead
2018,1,TRUE,FALSE,1426
2018,2,TRUE,FALSE,1653
2018,3,TRUE,FALSE,1479
2018,4,TRUE,FALSE,1474
2018,5,TRUE,FALSE,1490
2018,6,TRUE,FALSE,1545
2018,7,TRUE,FALSE,1486
2018,8,TRUE,FALSE,1434
2018,9,TRUE,FALSE,1459
2018,10,TRUE,FALSE,1494
2018,11,TRUE,FALSE,1485
2018,12,TRUE,FALSE,1368
2018,13,TRUE,FALSE,1357
2018,14,TRUE,FALSE,1437
2018,15,TRUE,FALSE,1384
2018,16,TRUE,FALSE,1364
2018,17,TRUE,FALSE,1321
2018,18,TRUE,FALSE,1421
2018,19,TRUE,FALSE,1466
2018,20,TRUE,FALSE,1336
2018,21,TRUE,FALSE,1354
2018,22,TRUE,FALSE,1381
2018,23,TRUE,FALSE,1389
2018,24,TRUE,FALSE,1368
2018,25,TRUE,FALSE,1315
2018,26,TRUE,FALSE,1404
2018,27,TRUE,FALSE,1350
2018,28,TRUE,FALSE,1357
2018,29,TRUE,FALSE,1378
2018,30,TRUE,FALSE,1352
2018,31,TRUE,FALSE,1312
2018,32,TRUE,FALSE,1421
2018,33,TRUE,FALSE,1335
2018,34,TRUE,FALSE,1349
2018,35,TRUE,FALSE,1330
2018,36,TRUE,FALSE,1406
2018,37,TRUE,FALSE,1442
2018,38,TRUE,FALSE,1368
2018,39,TRUE,FALSE,1331
2018,40,TRUE,FALSE,1379
2018,41,TRUE,FALSE,1387
2018,42,TRUE,FALSE,1364
2018,43,TRUE,FALSE,1424
2018,44,TRUE,FALSE,1431
2018,45,TRUE,FALSE,1363
2018,46,TRUE,FALSE,1379
2018,47,TRUE,FALSE,1411
2018,48,TRUE,FALSE,1374
2018,49,TRUE,FALSE,1494
2018,50,TRUE,FALSE,1495
2018,51,TRUE,FALSE,1393
2018,52,TRUE,FALSE,1437
2019,1,TRUE,FALSE,1554
2019,2,TRUE,FALSE,1377
2019,3,TRUE,FALSE,1364
2019,4,TRUE,FALSE,1411
2019,5,TRUE,FALSE,1465
2019,6,TRUE,FALSE,1400
2019,7,TRUE,FALSE,1363
2019,8,TRUE,FALSE,1376
2019,9,TRUE,FALSE,1468
2019,10,TRUE,FALSE,1510
2019,11,TRUE,FALSE,1489
2019,12,TRUE,FALSE,1420
2019,13,TRUE,FALSE,1330
2019,14,TRUE,FALSE,1412
2019,15,TRUE,FALSE,1454
2019,16,TRUE,FALSE,1325
2019,17,TRUE,FALSE,1327
2019,18,TRUE,FALSE,1346
2019,19,TRUE,FALSE,1339
2019,20,TRUE,FALSE,1354
2019,21,TRUE,FALSE,1300
2019,22,TRUE,FALSE,1388
2019,23,TRUE,FALSE,1410
2019,24,TRUE,FALSE,1383
2019,25,TRUE,FALSE,1339
2019,26,TRUE,FALSE,1313
2019,27,TRUE,FALSE,1405
2019,28,TRUE,FALSE,1283
2019,29,TRUE,FALSE,1358
2019,30,TRUE,FALSE,1383
2019,31,TRUE,FALSE,1319
2019,32,TRUE,FALSE,1379
2019,33,TRUE,FALSE,1312
2019,34,TRUE,FALSE,1348
2019,35,TRUE,FALSE,1360
2019,36,TRUE,FALSE,1351
2019,37,TRUE,FALSE,1354
2019,38,TRUE,FALSE,1267
2019,39,TRUE,FALSE,1295
2019,40,TRUE,FALSE,1360
2019,41,TRUE,FALSE,1402
2019,42,TRUE,FALSE,1398
2019,43,TRUE,FALSE,1360
2019,44,TRUE,FALSE,1431
2019,45,TRUE,FALSE,1486
2019,46,TRUE,FALSE,1420
2019,47,TRUE,FALSE,1373
2019,48,TRUE,FALSE,1423
2019,49,TRUE,FALSE,1520
2019,50,TRUE,FALSE,1456
2019,51,TRUE,FALSE,1494
2019,52,TRUE,FALSE,1534
2020,1,TRUE,FALSE,1605
2020,2,TRUE,FALSE,1552
2020,3,TRUE,FALSE,1496
2020,4,TRUE,FALSE,1446
2020,5,TRUE,FALSE,1503
2020,6,TRUE,FALSE,1536
2020,7,TRUE,FALSE,1447
2020,8,TRUE,FALSE,1531
2020,9,TRUE,FALSE,1530
2020,10,TRUE,FALSE,1601
2020,11,TRUE,FALSE,1524
2020,12,TRUE,FALSE,1573
2020,13,TRUE,FALSE,1671
2020,14,TRUE,FALSE,2003
2020,15,TRUE,FALSE,2060
2020,16,TRUE,FALSE,1915
2020,17,TRUE,FALSE,1920
2020,18,TRUE,FALSE,1974
2020,19,TRUE,FALSE,1961
2020,20,TRUE,FALSE,1977
2020,21,TRUE,FALSE,1958
2020,22,TRUE,FALSE,1830
2020,23,TRUE,FALSE,1844
2020,24,TRUE,FALSE,1790
2020,25,TRUE,FALSE,1808
2020,26,TRUE,FALSE,1795
2020,27,TRUE,FALSE,1824
2020,28,TRUE,FALSE,1943
2020,29,TRUE,FALSE,1919
2020,30,TRUE,FALSE,1945
2020,31,TRUE,FALSE,1896
2020,32,TRUE,FALSE,1902
2020,33,TRUE,FALSE,1883
2020,34,TRUE,FALSE,1840
2020,35,TRUE,FALSE,1815
2020,36,TRUE,FALSE,1802
2020,37,TRUE,FALSE,1752
2020,38,TRUE,FALSE,1700
2020,39,TRUE,FALSE,1811
2020,40,TRUE,FALSE,1704
2020,41,TRUE,FALSE,1750
2020,42,TRUE,FALSE,1696
2020,43,TRUE,FALSE,1699
2020,44,TRUE,FALSE,1702
2020,45,TRUE,FALSE,1916
2020,46,TRUE,FALSE,1815
2020,47,TRUE,FALSE,1766
2020,48,TRUE,FALSE,1872
2020,49,TRUE,FALSE,1943
2020,50,TRUE,FALSE,1971
2020,51,TRUE,FALSE,2085
2020,52,TRUE,FALSE,2218
2020,53,TRUE,FALSE,2263
2021,1,TRUE,FALSE,2383
2021,2,TRUE,FALSE,2269
2021,3,TRUE,FALSE,2127
2021,4,TRUE,FALSE,2138
2021,5,TRUE,FALSE,2135
2021,6,TRUE,FALSE,2083
2021,7,TRUE,FALSE,1971
2021,8,TRUE,FALSE,1966
2021,9,TRUE,FALSE,1931
2021,10,TRUE,FALSE,1909
2021,11,TRUE,FALSE,2024
2021,12,TRUE,FALSE,2066
2021,13,TRUE,FALSE,2040
2021,14,TRUE,FALSE,1968
2021,15,TRUE,FALSE,2054
2021,16,TRUE,FALSE,2023
2021,17,TRUE,FALSE,1970
2021,18,TRUE,FALSE,1944
2021,19,TRUE,FALSE,1866
2021,20,TRUE,FALSE,1907
2021,21,TRUE,FALSE,1852
2021,22,TRUE,FALSE,1957
2021,23,TRUE,FALSE,1877
2021,24,TRUE,FALSE,1842
2021,25,TRUE,FALSE,1888
2021,26,TRUE,FALSE,1878
2021,27,TRUE,FALSE,1881
2021,28,TRUE,FALSE,1857
2021,29,TRUE,FALSE,1891
2021,30,TRUE,FALSE,2025
2021,31,TRUE,FALSE,2208
2021,32,TRUE,FALSE,2280
2021,33,TRUE,FALSE,2360
2021,34,TRUE,FALSE,2511
2021,35,TRUE,FALSE,2576
2021,36,TRUE,FALSE,2541
2021,37,TRUE,FALSE,2352
2021,38,TRUE,FALSE,2402
2021,39,TRUE,FALSE,2330
2021,40,TRUE,FALSE,2278
2021,41,TRUE,FALSE,2166
2021,42,TRUE,FALSE,2097
2021,43,TRUE,FALSE,2067
2021,44,TRUE,FALSE,2098
2021,45,TRUE,FALSE,2025
2021,46,TRUE,FALSE,1967
2021,47,TRUE,FALSE,2145
2021,48,TRUE,FALSE,2072
2021,49,TRUE,FALSE,2173
2021,50,TRUE,FALSE,2203
2021,51,TRUE,FALSE,2234
2021,52,TRUE,FALSE,2356
2022,1,TRUE,FALSE,2324
2022,2,TRUE,FALSE,2314
2022,3,TRUE,FALSE,2293
2022,4,TRUE,FALSE,2173
2022,5,TRUE,FALSE,2248
2022,6,TRUE,FALSE,2132
2022,7,TRUE,FALSE,2027
2022,8,TRUE,FALSE,1887
2022,9,TRUE,FALSE,1987
2022,10,TRUE,FALSE,1890
2022,11,TRUE,FALSE,1818
2022,12,TRUE,FALSE,1793
2022,13,TRUE,FALSE,1786
2022,14,TRUE,FALSE,1829
2022,15,TRUE,FALSE,1753
2022,16,TRUE,FALSE,1718
2022,17,TRUE,FALSE,1747
2022,18,TRUE,FALSE,1789
2022,19,TRUE,FALSE,1707
2022,20,TRUE,FALSE,1665
2022,21,TRUE,FALSE,1738
2022,22,TRUE,FALSE,1713
2022,23,TRUE,FALSE,1861
2022,24,TRUE,FALSE,1860
2022,25,TRUE,FALSE,1791
2022,26,TRUE,FALSE,1805
2022,27,TRUE,FALSE,1873
2022,28,TRUE,FALSE,1889
2022,29,TRUE,FALSE,1826
2022,30,TRUE,FALSE,1815
2022,31,TRUE,FALSE,1805
2022,32,TRUE,FALSE,1803
2022,33,TRUE,FALSE,1672
2022,34,TRUE,FALSE,1772
2022,35,TRUE,FALSE,1762
2022,36,TRUE,FALSE,1947
2022,37,TRUE,FALSE,1745
2022,38,TRUE,FALSE,1787
2022,39,TRUE,FALSE,1723
2022,40,TRUE,FALSE,1826
2022,41,TRUE,FALSE,1788
2022,42,TRUE,FALSE,1776
2022,43,TRUE,FALSE,1825
2022,44,TRUE,FALSE,1874
2022,45,TRUE,FALSE,1880
2022,46,TRUE,FALSE,1841
2022,47,TRUE,FALSE,1900
2022,48,TRUE,FALSE,1966
2022,49,TRUE,FALSE,1987
2022,50,TRUE,FALSE,1966
2022,51,TRUE,FALSE,1980
2022,52,TRUE,FALSE,2087
2023,1,TRUE,FALSE,1949
2023,2,TRUE,FALSE,1867
2023,3,TRUE,FALSE,1795
2023,4,TRUE,FALSE,1825
2023,5,TRUE,FALSE,1828
2023,6,TRUE,FALSE,1846
2023,7,TRUE,FALSE,1750
2023,8,TRUE,FALSE,1758
2023,9,TRUE,FALSE,1839
2023,10,TRUE,FALSE,1786
2023,11,TRUE,FALSE,1756
2023,12,TRUE,FALSE,1797
2023,13,TRUE,FALSE,1832
2023,14,TRUE,FALSE,1801
2023,15,TRUE,FALSE,1782
2023,16,TRUE,FALSE,1764
2023,17,TRUE,FALSE,1720
2023,18,TRUE,FALSE,1869
2023,19,TRUE,FALSE,1808
2023,20,TRUE,FALSE,1705
2023,21,TRUE,FALSE,1738
2023,22,TRUE,FALSE,1779
2023,23,TRUE,FALSE,1778
2023,24,TRUE,FALSE,1735
2023,25,TRUE,FALSE,1647
2023,26,TRUE,FALSE,1667
2023,27,TRUE,FALSE,1832
2023,28,TRUE,FALSE,1741
2023,29,TRUE,FALSE,1707
2023,30,TRUE,FALSE,1682
2023,31,TRUE,FALSE,1758
2023,32,TRUE,FALSE,1741
2023,33,TRUE,FALSE,1768
2023,34,TRUE,FALSE,1704
2023,35,TRUE,FALSE,1680
2023,36,TRUE,FALSE,1693
2023,37,TRUE,FALSE,1664
2023,38,TRUE,FALSE,1686
2023,39,TRUE,FALSE,1666
2023,40,TRUE,FALSE,1745
2023,41,TRUE,FALSE,1698
2023,42,TRUE,FALSE,1593
2023,43,TRUE,FALSE,1639
2023,44,TRUE,FALSE,1692
2023,45,TRUE,FALSE,1679
2023,46,TRUE,FALSE,1685
2023,47,TRUE,FALSE,1766
2023,48,TRUE,FALSE,1707
2023,49,TRUE,FALSE,1688
2023,50,TRUE,FALSE,1787
2023,51,TRUE,FALSE,1760
2023,52,TRUE,FALSE,1862
2024,1,TRUE,FALSE,1827
2024,2,TRUE,FALSE,1768
2024,3,TRUE,FALSE,1684
2024,4,TRUE,FALSE,1639
2024,5,TRUE,FALSE,1710
2024,6,TRUE,FALSE,1703
2024,7,TRUE,FALSE,1617
2024,8,TRUE,FALSE,1630
2024,9,TRUE,FALSE,1687
2024,10,TRUE,FALSE,1670
2024,11,TRUE,FALSE,1593
2024,12,TRUE,FALSE,1545
2024,13,TRUE,FALSE,1556
2024,14,TRUE,FALSE,1596
2024,15,TRUE,FALSE,1670
2024,16,TRUE,FALSE,1567
2024,17,TRUE,FALSE,1529
2024,18,TRUE,FALSE,1544
2024,19,TRUE,FALSE,1547
2024,20,TRUE,FALSE,1534
2024,21,TRUE,FALSE,1504
2024,22,TRUE,FALSE,1542
2024,23,TRUE,FALSE,1594
2024,24,TRUE,FALSE,1485
2024,25,TRUE,FALSE,1543
2024,26,TRUE,FALSE,1560
2024,27,TRUE,FALSE,1536
2024,28,TRUE,FALSE,1501
2024,29,TRUE,FALSE,1436
2024,30,TRUE,FALSE,1359
2024,31,TRUE,FALSE,1477
2024,32,TRUE,FALSE,1422
2024,33,TRUE,FALSE,1382
2024,34,TRUE,FALSE,1381
2024,35,TRUE,FALSE,1426
2024,36,TRUE,FALSE,1426
2024,37,TRUE,FALSE,1304
2024,38,TRUE,FALSE,1366
2024,39,TRUE,FALSE,1333
2024,40,TRUE,FALSE,1387
2024,41,TRUE,FALSE,1460
2024,42,TRUE,FALSE,1404
2024,43,TRUE,FALSE,1357
2024,44,TRUE,FALSE,1352
2024,45,TRUE,FALSE,1528
2024,46,TRUE,FALSE,1384
2024,47,TRUE,FALSE,1422
2024,48,TRUE,FALSE,1415
2024,49,TRUE,FALSE,1505
2024,50,TRUE,FALSE,1455
2024,51,TRUE,FALSE,1460
2024,52,TRUE,FALSE,1587
2025,1,TRUE,FALSE,1666
2025,2,TRUE,FALSE,1619
2025,3,TRUE,FALSE,1612
2025,4,TRUE,FALSE,1658
2025,5,TRUE,FALSE,1707
2025,6,TRUE,FALSE,1664
2025,7,TRUE,FALSE,1586
2025,8,TRUE,FALSE,1680
2025,9,TRUE,FALSE,1594
2025,10,TRUE,FALSE,1593
2025,11,TRUE,FALSE,1643
2025,12,TRUE,FALSE,1626
2025,13,TRUE,FALSE,1165
2025,14,TRUE,FALSE,1139
2025,15,TRUE,FALSE,1158
2025,16,TRUE,FALSE,1155
2025,17,TRUE,FALSE,1137
2025,18,TRUE,FALSE,1155
2025,19,TRUE,FALSE,1171
2025,20,TRUE,FALSE,1237
2025,21,TRUE,FALSE,1218
2025,22,TRUE,FALSE,1219
2025,23,TRUE,FALSE,1277
2025,24,TRUE,FALSE,1353
2025,25,TRUE,FALSE,1372
2025,26,TRUE,FALSE,1462
2025,27,TRUE,FALSE,1592
2025,28,TRUE,FALSE,1656
2025,29,TRUE,FALSE,1637
2025,30,TRUE,FALSE,1764
2025,31,TRUE,FALSE,1878
2025,32,TRUE,FALSE,2053
2025,33,TRUE,FALSE,1981
2025,34,TRUE,FALSE,2055
2025,35,TRUE,FALSE,1923
2025,36,TRUE,FALSE,1729
2025,37,TRUE,FALSE,1120
2018,1,TRUE,TRUE,1426
2018,2,TRUE,TRUE,1653
2018,3,TRUE,TRUE,1479
2018,4,TRUE,TRUE,1474
2018,5,TRUE,TRUE,1490
2018,6,TRUE,TRUE,1545
2018,7,TRUE,TRUE,1486
2018,8,TRUE,TRUE,1434
2018,9,TRUE,TRUE,1459
2018,10,TRUE,TRUE,1494
2018,11,TRUE,TRUE,1485
2018,12,TRUE,TRUE,1368
2018,13,TRUE,TRUE,1357
2018,14,TRUE,TRUE,1437
2018,15,TRUE,TRUE,1384
2018,16,TRUE,TRUE,1364
2018,17,TRUE,TRUE,1321
2018,18,TRUE,TRUE,1421
2018,19,TRUE,TRUE,1466
2018,20,TRUE,TRUE,1336
2018,21,TRUE,TRUE,1354
2018,22,TRUE,TRUE,1381
2018,23,TRUE,TRUE,1389
2018,24,TRUE,TRUE,1368
2018,25,TRUE,TRUE,1315
2018,26,TRUE,TRUE,1404
2018,27,TRUE,TRUE,1350
2018,28,TRUE,TRUE,1357
2018,29,TRUE,TRUE,1378
2018,30,TRUE,TRUE,1352
2018,31,TRUE,TRUE,1312
2018,32,TRUE,TRUE,1421
2018,33,TRUE,TRUE,1335
2018,34,TRUE,TRUE,1349
2018,35,TRUE,TRUE,1330
2018,36,TRUE,TRUE,1406
2018,37,TRUE,TRUE,1442
2018,38,TRUE,TRUE,1368
2018,39,TRUE,TRUE,1331
2018,40,TRUE,TRUE,1379
2018,41,TRUE,TRUE,1387
2018,42,TRUE,TRUE,1364
2018,43,TRUE,TRUE,1424
2018,44,TRUE,TRUE,1431
2018,45,TRUE,TRUE,1363
2018,46,TRUE,TRUE,1379
2018,47,TRUE,TRUE,1411
2018,48,TRUE,TRUE,1374
2018,49,TRUE,TRUE,1494
2018,50,TRUE,TRUE,1495
2018,51,TRUE,TRUE,1393
2018,52,TRUE,TRUE,1437
2019,1,TRUE,TRUE,1554
2019,2,TRUE,TRUE,1377
2019,3,TRUE,TRUE,1364
2019,4,TRUE,TRUE,1411
2019,5,TRUE,TRUE,1465
2019,6,TRUE,TRUE,1400
2019,7,TRUE,TRUE,1363
2019,8,TRUE,TRUE,1376
2019,9,TRUE,TRUE,1468
2019,10,TRUE,TRUE,1510
2019,11,TRUE,TRUE,1489
2019,12,TRUE,TRUE,1420
2019,13,TRUE,TRUE,1330
2019,14,TRUE,TRUE,1412
2019,15,TRUE,TRUE,1454
2019,16,TRUE,TRUE,1325
2019,17,TRUE,TRUE,1327
2019,18,TRUE,TRUE,1346
2019,19,TRUE,TRUE,1339
2019,20,TRUE,TRUE,1354
2019,21,TRUE,TRUE,1300
2019,22,TRUE,TRUE,1388
2019,23,TRUE,TRUE,1410
2019,24,TRUE,TRUE,1383
2019,25,TRUE,TRUE,1339
2019,26,TRUE,TRUE,1313
2019,27,TRUE,TRUE,1405
2019,28,TRUE,TRUE,1283
2019,29,TRUE,TRUE,1358
2019,30,TRUE,TRUE,1383
2019,31,TRUE,TRUE,1319
2019,32,TRUE,TRUE,1379
2019,33,TRUE,TRUE,1312
2019,34,TRUE,TRUE,1348
2019,35,TRUE,TRUE,1360
2019,36,TRUE,TRUE,1351
2019,37,TRUE,TRUE,1354
2019,38,TRUE,TRUE,1267
2019,39,TRUE,TRUE,1295
2019,40,TRUE,TRUE,1360
2019,41,TRUE,TRUE,1402
2019,42,TRUE,TRUE,1398
2019,43,TRUE,TRUE,1360
2019,44,TRUE,TRUE,1431
2019,45,TRUE,TRUE,1486
2019,46,TRUE,TRUE,1420
2019,47,TRUE,TRUE,1373
2019,48,TRUE,TRUE,1423
2019,49,TRUE,TRUE,1520
2019,50,TRUE,TRUE,1456
2019,51,TRUE,TRUE,1494
2019,52,TRUE,TRUE,1534
2020,1,TRUE,TRUE,1605
2020,2,TRUE,TRUE,1552
2020,3,TRUE,TRUE,1496
2020,4,TRUE,TRUE,1446
2020,5,TRUE,TRUE,1503
2020,6,TRUE,TRUE,1536
2020,7,TRUE,TRUE,1447
2020,8,TRUE,TRUE,1531
2020,9,TRUE,TRUE,1530
2020,10,TRUE,TRUE,1601
2020,11,TRUE,TRUE,1524
2020,12,TRUE,TRUE,1560
2020,13,TRUE,TRUE,1582
2020,14,TRUE,TRUE,1769
2020,15,TRUE,TRUE,1789
2020,16,TRUE,TRUE,1671
2020,17,TRUE,TRUE,1715
2020,18,TRUE,TRUE,1818
2020,19,TRUE,TRUE,1821
2020,20,TRUE,TRUE,1840
2020,21,TRUE,TRUE,1858
2020,22,TRUE,TRUE,1747
2020,23,TRUE,TRUE,1762
2020,24,TRUE,TRUE,1710
2020,25,TRUE,TRUE,1737
2020,26,TRUE,TRUE,1714
2020,27,TRUE,TRUE,1719
2020,28,TRUE,TRUE,1823
2020,29,TRUE,TRUE,1763
2020,30,TRUE,TRUE,1799
2020,31,TRUE,TRUE,1753
2020,32,TRUE,TRUE,1771
2020,33,TRUE,TRUE,1766
2020,34,TRUE,TRUE,1714
2020,35,TRUE,TRUE,1729
2020,36,TRUE,TRUE,1718
2020,37,TRUE,TRUE,1661
2020,38,TRUE,TRUE,1645
2020,39,TRUE,TRUE,1739
2020,40,TRUE,TRUE,1641
2020,41,TRUE,TRUE,1683
2020,42,TRUE,TRUE,1637
2020,43,TRUE,TRUE,1630
2020,44,TRUE,TRUE,1620
2020,45,TRUE,TRUE,1811
2020,46,TRUE,TRUE,1699
2020,47,TRUE,TRUE,1615
2020,48,TRUE,TRUE,1698
2020,49,TRUE,TRUE,1738
2020,50,TRUE,TRUE,1737
2020,51,TRUE,TRUE,1806
2020,52,TRUE,TRUE,1875
2020,53,TRUE,TRUE,1884
2021,1,TRUE,TRUE,1949
2021,2,TRUE,TRUE,1909
2021,3,TRUE,TRUE,1773
2021,4,TRUE,TRUE,1811
2021,5,TRUE,TRUE,1859
2021,6,TRUE,TRUE,1853
2021,7,TRUE,TRUE,1781
2021,8,TRUE,TRUE,1798
2021,9,TRUE,TRUE,1802
2021,10,TRUE,TRUE,1777
2021,11,TRUE,TRUE,1899
2021,12,TRUE,TRUE,1968
2021,13,TRUE,TRUE,1943
2021,14,TRUE,TRUE,1858
2021,15,TRUE,TRUE,1937
2021,16,TRUE,TRUE,1884
2021,17,TRUE,TRUE,1844
2021,18,TRUE,TRUE,1840
2021,19,TRUE,TRUE,1769
2021,20,TRUE,TRUE,1814
2021,21,TRUE,TRUE,1784
2021,22,TRUE,TRUE,1881
2021,23,TRUE,TRUE,1820
2021,24,TRUE,TRUE,1790
2021,25,TRUE,TRUE,1827
2021,26,TRUE,TRUE,1833
2021,27,TRUE,TRUE,1813
2021,28,TRUE,TRUE,1771
2021,29,TRUE,TRUE,1770
2021,30,TRUE,TRUE,1849
2021,31,TRUE,TRUE,1930
2021,32,TRUE,TRUE,1881
2021,33,TRUE,TRUE,1844
2021,34,TRUE,TRUE,1946
2021,35,TRUE,TRUE,1939
2021,36,TRUE,TRUE,1973
2021,37,TRUE,TRUE,1831
2021,38,TRUE,TRUE,1892
2021,39,TRUE,TRUE,1899
2021,40,TRUE,TRUE,1947
2021,41,TRUE,TRUE,1832
2021,42,TRUE,TRUE,1838
2021,43,TRUE,TRUE,1834
2021,44,TRUE,TRUE,1908
2021,45,TRUE,TRUE,1847
2021,46,TRUE,TRUE,1783
2021,47,TRUE,TRUE,1953
2021,48,TRUE,TRUE,1849
2021,49,TRUE,TRUE,1932
2021,50,TRUE,TRUE,1918
2021,51,TRUE,TRUE,1935
2021,52,TRUE,TRUE,2026
2022,1,TRUE,TRUE,1915
2022,2,TRUE,TRUE,1861
2022,3,TRUE,TRUE,1859
2022,4,TRUE,TRUE,1760
2022,5,TRUE,TRUE,1889
2022,6,TRUE,TRUE,1859
2022,7,TRUE,TRUE,1826
2022,8,TRUE,TRUE,1764
2022,9,TRUE,TRUE,1900
2022,10,TRUE,TRUE,1830
2022,11,TRUE,TRUE,1762
2022,12,TRUE,TRUE,1750
2022,13,TRUE,TRUE,1741
2022,14,TRUE,TRUE,1798
2022,15,TRUE,TRUE,1722
2022,16,TRUE,TRUE,1690
2022,17,TRUE,TRUE,1725
2022,18,TRUE,TRUE,1764
2022,19,TRUE,TRUE,1674
2022,20,TRUE,TRUE,1634
2022,21,TRUE,TRUE,1702
2022,22,TRUE,TRUE,1687
2022,23,TRUE,TRUE,1824
2022,24,TRUE,TRUE,1822
2022,25,TRUE,TRUE,1759
2022,26,TRUE,TRUE,1768
2022,27,TRUE,TRUE,1830
2022,28,TRUE,TRUE,1838
2022,29,TRUE,TRUE,1790
2022,30,TRUE,TRUE,1763
2022,31,TRUE,TRUE,1756
2022,32,TRUE,TRUE,1746
2022,33,TRUE,TRUE,1622
2022,34,TRUE,TRUE,1728
2022,35,TRUE,TRUE,1720
2022,36,TRUE,TRUE,1904
2022,37,TRUE,TRUE,1705
2022,38,TRUE,TRUE,1760
2022,39,TRUE,TRUE,1694
2022,40,TRUE,TRUE,1800
2022,41,TRUE,TRUE,1764
2022,42,TRUE,TRUE,1756
2022,43,TRUE,TRUE,1804
2022,44,TRUE,TRUE,1849
2022,45,TRUE,TRUE,1851
2022,46,TRUE,TRUE,1811
2022,47,TRUE,TRUE,1856
2022,48,TRUE,TRUE,1941
2022,49,TRUE,TRUE,1946
2022,50,TRUE,TRUE,1924
2022,51,TRUE,TRUE,1935
2022,52,TRUE,TRUE,2046
2023,1,TRUE,TRUE,1914
2023,2,TRUE,TRUE,1831
2023,3,TRUE,TRUE,1757
2023,4,TRUE,TRUE,1796
2023,5,TRUE,TRUE,1800
2023,6,TRUE,TRUE,1823
2023,7,TRUE,TRUE,1725
2023,8,TRUE,TRUE,1725
2023,9,TRUE,TRUE,1817
2023,10,TRUE,TRUE,1772
2023,11,TRUE,TRUE,1735
2023,12,TRUE,TRUE,1773
2023,13,TRUE,TRUE,1819
2023,14,TRUE,TRUE,1785
2023,15,TRUE,TRUE,1771
2023,16,TRUE,TRUE,1750
2023,17,TRUE,TRUE,1705
2023,18,TRUE,TRUE,1859
2023,19,TRUE,TRUE,1808
2023,20,TRUE,TRUE,1705
2023,21,TRUE,TRUE,1728
2023,22,TRUE,TRUE,1779
2023,23,TRUE,TRUE,1778
2023,24,TRUE,TRUE,1735
2023,25,TRUE,TRUE,1647
2023,26,TRUE,TRUE,1667
2023,27,TRUE,TRUE,1832
2023,28,TRUE,TRUE,1741
2023,29,TRUE,TRUE,1707
2023,30,TRUE,TRUE,1682
2023,31,TRUE,TRUE,1758
2023,32,TRUE,TRUE,1741
2023,33,TRUE,TRUE,1751
2023,34,TRUE,TRUE,1693
2023,35,TRUE,TRUE,1680
2023,36,TRUE,TRUE,1678
2023,37,TRUE,TRUE,1649
2023,38,TRUE,TRUE,1686
2023,39,TRUE,TRUE,1652
2023,40,TRUE,TRUE,1745
2023,41,TRUE,TRUE,1683
2023,42,TRUE,TRUE,1580
2023,43,TRUE,TRUE,1639
2023,44,TRUE,TRUE,1681
2023,45,TRUE,TRUE,1667
2023,46,TRUE,TRUE,1685
2023,47,TRUE,TRUE,1751
2023,48,TRUE,TRUE,1689
2023,49,TRUE,TRUE,1671
2023,50,TRUE,TRUE,1777
2023,51,TRUE,TRUE,1736
2023,52,TRUE,TRUE,1848
2024,1,TRUE,TRUE,1799
2024,2,TRUE,TRUE,1741
2024,3,TRUE,TRUE,1662
2024,4,TRUE,TRUE,1612
2024,5,TRUE,TRUE,1695
2024,6,TRUE,TRUE,1683
2024,7,TRUE,TRUE,1605
2024,8,TRUE,TRUE,1615
2024,9,TRUE,TRUE,1674
2024,10,TRUE,TRUE,1660
2024,11,TRUE,TRUE,1593
2024,12,TRUE,TRUE,1531
2024,13,TRUE,TRUE,1556
2024,14,TRUE,TRUE,1596
2024,15,TRUE,TRUE,1670
2024,16,TRUE,TRUE,1567
2024,17,TRUE,TRUE,1529
2024,18,TRUE,TRUE,1544
2024,19,TRUE,TRUE,1547
2024,20,TRUE,TRUE,1534
2024,21,TRUE,TRUE,1504
2024,22,TRUE,TRUE,1542
2024,23,TRUE,TRUE,1594
2024,24,TRUE,TRUE,1485
2024,25,TRUE,TRUE,1543
2024,26,TRUE,TRUE,1560
2024,27,TRUE,TRUE,1536
2024,28,TRUE,TRUE,1501
2024,29,TRUE,TRUE,1436
2024,30,TRUE,TRUE,1359
2024,31,TRUE,TRUE,1465
2024,32,TRUE,TRUE,1422
2024,33,TRUE,TRUE,1369
2024,34,TRUE,TRUE,1369
2024,35,TRUE,TRUE,1409
2024,36,TRUE,TRUE,1412
2024,37,TRUE,TRUE,1290
2024,38,TRUE,TRUE,1356
2024,39,TRUE,TRUE,1333
2024,40,TRUE,TRUE,1377
2024,41,TRUE,TRUE,1449
2024,42,TRUE,TRUE,1404
2024,43,TRUE,TRUE,1357
2024,44,TRUE,TRUE,1352
2024,45,TRUE,TRUE,1528
2024,46,TRUE,TRUE,1384
2024,47,TRUE,TRUE,1422
2024,48,TRUE,TRUE,1415
2024,49,TRUE,TRUE,1505
2024,50,TRUE,TRUE,1455
2024,51,TRUE,TRUE,1460
2024,52,TRUE,TRUE,1576
2025,1,TRUE,TRUE,1655
2025,2,TRUE,TRUE,1619
2025,3,TRUE,TRUE,1612
2025,4,TRUE,TRUE,1658
2025,5,TRUE,TRUE,1691
2025,6,TRUE,TRUE,1664
2025,7,TRUE,TRUE,1586
2025,8,TRUE,TRUE,1667
2025,9,TRUE,TRUE,1594
2025,10,TRUE,TRUE,1593
2025,11,TRUE,TRUE,1643
2025,12,TRUE,TRUE,1626
2025,13,TRUE,TRUE,1165
2025,14,TRUE,TRUE,1139
2025,15,TRUE,TRUE,1158
2025,16,TRUE,TRUE,1155
2025,17,TRUE,TRUE,1137
2025,18,TRUE,TRUE,1155
2025,19,TRUE,TRUE,1171
2025,20,TRUE,TRUE,1237
2025,21,TRUE,TRUE,1218
2025,22,TRUE,TRUE,1219
2025,23,TRUE,TRUE,1277
2025,24,TRUE,TRUE,1353
2025,25,TRUE,TRUE,1372
2025,26,TRUE,TRUE,1462
2025,27,TRUE,TRUE,1592
2025,28,TRUE,TRUE,1656
2025,29,TRUE,TRUE,1637
2025,30,TRUE,TRUE,1764
2025,31,TRUE,TRUE,1878
2025,32,TRUE,TRUE,2053
2025,33,TRUE,TRUE,1981
2025,34,TRUE,TRUE,2055
2025,35,TRUE,TRUE,1923
2025,36,TRUE,TRUE,1729
2025,37,TRUE,TRUE,1120
2018,1,FALSE,FALSE,1087
2018,2,FALSE,FALSE,1285
2018,3,FALSE,FALSE,1144
2018,4,FALSE,FALSE,1131
2018,5,FALSE,FALSE,1113
2018,6,FALSE,FALSE,1204
2018,7,FALSE,FALSE,1138
2018,8,FALSE,FALSE,1059
2018,9,FALSE,FALSE,1095
2018,10,FALSE,FALSE,1108
2018,11,FALSE,FALSE,1125
2018,12,FALSE,FALSE,1037
2018,13,FALSE,FALSE,1010
2018,14,FALSE,FALSE,1079
2018,15,FALSE,FALSE,1031
2018,16,FALSE,FALSE,1029
2018,17,FALSE,FALSE,975
2018,18,FALSE,FALSE,1042
2018,19,FALSE,FALSE,1116
2018,20,FALSE,FALSE,994
2018,21,FALSE,FALSE,1003
2018,22,FALSE,FALSE,1048
2018,23,FALSE,FALSE,1032
2018,24,FALSE,FALSE,1030
2018,25,FALSE,FALSE,983
2018,26,FALSE,FALSE,1035
2018,27,FALSE,FALSE,964
2018,28,FALSE,FALSE,1019
2018,29,FALSE,FALSE,1035
2018,30,FALSE,FALSE,1006
2018,31,FALSE,FALSE,984
2018,32,FALSE,FALSE,1057
2018,33,FALSE,FALSE,998
2018,34,FALSE,FALSE,988
2018,35,FALSE,FALSE,994
2018,36,FALSE,FALSE,1042
2018,37,FALSE,FALSE,1076
2018,38,FALSE,FALSE,1014
2018,39,FALSE,FALSE,1014
2018,40,FALSE,FALSE,1016
2018,41,FALSE,FALSE,1046
2018,42,FALSE,FALSE,1057
2018,43,FALSE,FALSE,1057
2018,44,FALSE,FALSE,1068
2018,45,FALSE,FALSE,1024
2018,46,FALSE,FALSE,1068
2018,47,FALSE,FALSE,1086
2018,48,FALSE,FALSE,1091
2018,49,FALSE,FALSE,1100
2018,50,FALSE,FALSE,1162
2018,51,FALSE,FALSE,1067
2018,52,FALSE,FALSE,1114
2019,1,FALSE,FALSE,1183
2019,2,FALSE,FALSE,1060
2019,3,FALSE,FALSE,1023
2019,4,FALSE,FALSE,1094
2019,5,FALSE,FALSE,1131
2019,6,FALSE,FALSE,1054
2019,7,FALSE,FALSE,1070
2019,8,FALSE,FALSE,1085
2019,9,FALSE,FALSE,1102
2019,10,FALSE,FALSE,1099
2019,11,FALSE,FALSE,1113
2019,12,FALSE,FALSE,1080
2019,13,FALSE,FALSE,1028
2019,14,FALSE,FALSE,1047
2019,15,FALSE,FALSE,1087
2019,16,FALSE,FALSE,1030
2019,17,FALSE,FALSE,1030
2019,18,FALSE,FALSE,986
2019,19,FALSE,FALSE,967
2019,20,FALSE,FALSE,1013
2019,21,FALSE,FALSE,963
2019,22,FALSE,FALSE,1050
2019,23,FALSE,FALSE,1036
2019,24,FALSE,FALSE,1032
2019,25,FALSE,FALSE,1015
2019,26,FALSE,FALSE,963
2019,27,FALSE,FALSE,985
2019,28,FALSE,FALSE,952
2019,29,FALSE,FALSE,983
2019,30,FALSE,FALSE,1011
2019,31,FALSE,FALSE,976
2019,32,FALSE,FALSE,1009
2019,33,FALSE,FALSE,955
2019,34,FALSE,FALSE,977
2019,35,FALSE,FALSE,989
2019,36,FALSE,FALSE,990
2019,37,FALSE,FALSE,963
2019,38,FALSE,FALSE,931
2019,39,FALSE,FALSE,939
2019,40,FALSE,FALSE,981
2019,41,FALSE,FALSE,996
2019,42,FALSE,FALSE,1038
2019,43,FALSE,FALSE,999
2019,44,FALSE,FALSE,1035
2019,45,FALSE,FALSE,1049
2019,46,FALSE,FALSE,1051
2019,47,FALSE,FALSE,1007
2019,48,FALSE,FALSE,1054
2019,49,FALSE,FALSE,1107
2019,50,FALSE,FALSE,1055
2019,51,FALSE,FALSE,1137
2019,52,FALSE,FALSE,1135
2020,1,FALSE,FALSE,1208
2020,2,FALSE,FALSE,1129
2020,3,FALSE,FALSE,1065
2020,4,FALSE,FALSE,1042
2020,5,FALSE,FALSE,1094
2020,6,FALSE,FALSE,1094
2020,7,FALSE,FALSE,1043
2020,8,FALSE,FALSE,1112
2020,9,FALSE,FALSE,1077
2020,10,FALSE,FALSE,1122
2020,11,FALSE,FALSE,1051
2020,12,FALSE,FALSE,1080
2020,13,FALSE,FALSE,1177
2020,14,FALSE,FALSE,1465
2020,15,FALSE,FALSE,1503
2020,16,FALSE,FALSE,1412
2020,17,FALSE,FALSE,1315
2020,18,FALSE,FALSE,1285
2020,19,FALSE,FALSE,1259
2020,20,FALSE,FALSE,1338
2020,21,FALSE,FALSE,1265
2020,22,FALSE,FALSE,1219
2020,23,FALSE,FALSE,1238
2020,24,FALSE,FALSE,1243
2020,25,FALSE,FALSE,1244
2020,26,FALSE,FALSE,1273
2020,27,FALSE,FALSE,1251
2020,28,FALSE,FALSE,1349
2020,29,FALSE,FALSE,1361
2020,30,FALSE,FALSE,1396
2020,31,FALSE,FALSE,1304
2020,32,FALSE,FALSE,1288
2020,33,FALSE,FALSE,1251
2020,34,FALSE,FALSE,1312
2020,35,FALSE,FALSE,1269
2020,36,FALSE,FALSE,1254
2020,37,FALSE,FALSE,1239
2020,38,FALSE,FALSE,1165
2020,39,FALSE,FALSE,1259
2020,40,FALSE,FALSE,1176
2020,41,FALSE,FALSE,1252
2020,42,FALSE,FALSE,1239
2020,43,FALSE,FALSE,1247
2020,44,FALSE,FALSE,1232
2020,45,FALSE,FALSE,1313
2020,46,FALSE,FALSE,1305
2020,47,FALSE,FALSE,1254
2020,48,FALSE,FALSE,1397
2020,49,FALSE,FALSE,1430
2020,50,FALSE,FALSE,1431
2020,51,FALSE,FALSE,1569
2020,52,FALSE,FALSE,1660
2020,53,FALSE,FALSE,1665
2021,1,FALSE,FALSE,1735
2021,2,FALSE,FALSE,1671
2021,3,FALSE,FALSE,1553
2021,4,FALSE,FALSE,1565
2021,5,FALSE,FALSE,1453
2021,6,FALSE,FALSE,1427
2021,7,FALSE,FALSE,1413
2021,8,FALSE,FALSE,1388
2021,9,FALSE,FALSE,1286
2021,10,FALSE,FALSE,1253
2021,11,FALSE,FALSE,1310
2021,12,FALSE,FALSE,1314
2021,13,FALSE,FALSE,1349
2021,14,FALSE,FALSE,1250
2021,15,FALSE,FALSE,1327
2021,16,FALSE,FALSE,1323
2021,17,FALSE,FALSE,1279
2021,18,FALSE,FALSE,1226
2021,19,FALSE,FALSE,1230
2021,20,FALSE,FALSE,1247
2021,21,FALSE,FALSE,1163
2021,22,FALSE,FALSE,1296
2021,23,FALSE,FALSE,1215
2021,24,FALSE,FALSE,1209
2021,25,FALSE,FALSE,1267
2021,26,FALSE,FALSE,1217
2021,27,FALSE,FALSE,1225
2021,28,FALSE,FALSE,1217
2021,29,FALSE,FALSE,1265
2021,30,FALSE,FALSE,1397
2021,31,FALSE,FALSE,1487
2021,32,FALSE,FALSE,1640
2021,33,FALSE,FALSE,1718
2021,34,FALSE,FALSE,1862
2021,35,FALSE,FALSE,1942
2021,36,FALSE,FALSE,1902
2021,37,FALSE,FALSE,1711
2021,38,FALSE,FALSE,1768
2021,39,FALSE,FALSE,1683
2021,40,FALSE,FALSE,1614
2021,41,FALSE,FALSE,1541
2021,42,FALSE,FALSE,1509
2021,43,FALSE,FALSE,1460
2021,44,FALSE,FALSE,1431
2021,45,FALSE,FALSE,1376
2021,46,FALSE,FALSE,1362
2021,47,FALSE,FALSE,1498
2021,48,FALSE,FALSE,1498
2021,49,FALSE,FALSE,1581
2021,50,FALSE,FALSE,1616
2021,51,FALSE,FALSE,1607
2021,52,FALSE,FALSE,1730
2022,1,FALSE,FALSE,1645
2022,2,FALSE,FALSE,1707
2022,3,FALSE,FALSE,1703
2022,4,FALSE,FALSE,1561
2022,5,FALSE,FALSE,1548
2022,6,FALSE,FALSE,1433
2022,7,FALSE,FALSE,1379
2022,8,FALSE,FALSE,1238
2022,9,FALSE,FALSE,1272
2022,10,FALSE,FALSE,1172
2022,11,FALSE,FALSE,1165
2022,12,FALSE,FALSE,1168
2022,13,FALSE,FALSE,1182
2022,14,FALSE,FALSE,1159
2022,15,FALSE,FALSE,1141
2022,16,FALSE,FALSE,1131
2022,17,FALSE,FALSE,1083
2022,18,FALSE,FALSE,1109
2022,19,FALSE,FALSE,1093
2022,20,FALSE,FALSE,1069
2022,21,FALSE,FALSE,1102
2022,22,FALSE,FALSE,1132
2022,23,FALSE,FALSE,1168
2022,24,FALSE,FALSE,1197
2022,25,FALSE,FALSE,1140
2022,26,FALSE,FALSE,1153
2022,27,FALSE,FALSE,1170
2022,28,FALSE,FALSE,1218
2022,29,FALSE,FALSE,1157
2022,30,FALSE,FALSE,1193
2022,31,FALSE,FALSE,1172
2022,32,FALSE,FALSE,1133
2022,33,FALSE,FALSE,1081
2022,34,FALSE,FALSE,1149
2022,35,FALSE,FALSE,1121
2022,36,FALSE,FALSE,1235
2022,37,FALSE,FALSE,1181
2022,38,FALSE,FALSE,1192
2022,39,FALSE,FALSE,1153
2022,40,FALSE,FALSE,1134
2022,41,FALSE,FALSE,1128
2022,42,FALSE,FALSE,1133
2022,43,FALSE,FALSE,1196
2022,44,FALSE,FALSE,1241
2022,45,FALSE,FALSE,1199
2022,46,FALSE,FALSE,1237
2022,47,FALSE,FALSE,1243
2022,48,FALSE,FALSE,1288
2022,49,FALSE,FALSE,1294
2022,50,FALSE,FALSE,1287
2022,51,FALSE,FALSE,1361
2022,52,FALSE,FALSE,1432
2023,1,FALSE,FALSE,1249
2023,2,FALSE,FALSE,1233
2023,3,FALSE,FALSE,1141
2023,4,FALSE,FALSE,1180
2023,5,FALSE,FALSE,1160
2023,6,FALSE,FALSE,1162
2023,7,FALSE,FALSE,1091
2023,8,FALSE,FALSE,1105
2023,9,FALSE,FALSE,1124
2023,10,FALSE,FALSE,1088
2023,11,FALSE,FALSE,1113
2023,12,FALSE,FALSE,1078
2023,13,FALSE,FALSE,1087
2023,14,FALSE,FALSE,1091
2023,15,FALSE,FALSE,1091
2023,16,FALSE,FALSE,1070
2023,17,FALSE,FALSE,1092
2023,18,FALSE,FALSE,1111
2023,19,FALSE,FALSE,1098
2023,20,FALSE,FALSE,1077
2023,21,FALSE,FALSE,1044
2023,22,FALSE,FALSE,1061
2023,23,FALSE,FALSE,1083
2023,24,FALSE,FALSE,1074
2023,25,FALSE,FALSE,995
2023,26,FALSE,FALSE,1030
2023,27,FALSE,FALSE,1167
2023,28,FALSE,FALSE,1053
2023,29,FALSE,FALSE,1022
2023,30,FALSE,FALSE,1047
2023,31,FALSE,FALSE,1072
2023,32,FALSE,FALSE,1064
2023,33,FALSE,FALSE,1096
2023,34,FALSE,FALSE,1056
2023,35,FALSE,FALSE,1036
2023,36,FALSE,FALSE,1027
2023,37,FALSE,FALSE,1059
2023,38,FALSE,FALSE,1063
2023,39,FALSE,FALSE,1092
2023,40,FALSE,FALSE,1116
2023,41,FALSE,FALSE,1103
2023,42,FALSE,FALSE,1013
2023,43,FALSE,FALSE,1066
2023,44,FALSE,FALSE,1089
2023,45,FALSE,FALSE,1102
2023,46,FALSE,FALSE,1084
2023,47,FALSE,FALSE,1187
2023,48,FALSE,FALSE,1151
2023,49,FALSE,FALSE,1122
2023,50,FALSE,FALSE,1174
2023,51,FALSE,FALSE,1188
2023,52,FALSE,FALSE,1264
2024,1,FALSE,FALSE,1223
2024,2,FALSE,FALSE,1175
2024,3,FALSE,FALSE,1153
2024,4,FALSE,FALSE,1113
2024,5,FALSE,FALSE,1113
2024,6,FALSE,FALSE,1123
2024,7,FALSE,FALSE,1047
2024,8,FALSE,FALSE,1068
2024,9,FALSE,FALSE,1112
2024,10,FALSE,FALSE,1042
2024,11,FALSE,FALSE,1059
2024,12,FALSE,FALSE,1037
2024,13,FALSE,FALSE,1019
2024,14,FALSE,FALSE,1016
2024,15,FALSE,FALSE,1088
2024,16,FALSE,FALSE,1050
2024,17,FALSE,FALSE,1039
2024,18,FALSE,FALSE,1010
2024,19,FALSE,FALSE,1023
2024,20,FALSE,FALSE,1023
2024,21,FALSE,FALSE,1045
2024,22,FALSE,FALSE,1041
2024,23,FALSE,FALSE,1065
2024,24,FALSE,FALSE,1038
2024,25,FALSE,FALSE,1040
2024,26,FALSE,FALSE,1027
2024,27,FALSE,FALSE,1030
2024,28,FALSE,FALSE,1029
2024,29,FALSE,FALSE,973
2024,30,FALSE,FALSE,926
2024,31,FALSE,FALSE,993
2024,32,FALSE,FALSE,978
2024,33,FALSE,FALSE,981
2024,34,FALSE,FALSE,959
2024,35,FALSE,FALSE,980
2024,36,FALSE,FALSE,998
2024,37,FALSE,FALSE,903
2024,38,FALSE,FALSE,958
2024,39,FALSE,FALSE,939
2024,40,FALSE,FALSE,981
2024,41,FALSE,FALSE,1035
2024,42,FALSE,FALSE,1027
2024,43,FALSE,FALSE,951
2024,44,FALSE,FALSE,940
2024,45,FALSE,FALSE,1079
2024,46,FALSE,FALSE,981
2024,47,FALSE,FALSE,1011
2024,48,FALSE,FALSE,1004
2024,49,FALSE,FALSE,1043
2024,50,FALSE,FALSE,1047
2024,51,FALSE,FALSE,1048
2024,52,FALSE,FALSE,1142
2025,1,FALSE,FALSE,1196
2025,2,FALSE,FALSE,1209
2025,3,FALSE,FALSE,1185
2025,4,FALSE,FALSE,1234
2025,5,FALSE,FALSE,1262
2025,6,FALSE,FALSE,1223
2025,7,FALSE,FALSE,1175
2025,8,FALSE,FALSE,1305
2025,9,FALSE,FALSE,1164
2025,10,FALSE,FALSE,1151
2025,11,FALSE,FALSE,1217
2025,12,FALSE,FALSE,1205
2025,13,FALSE,FALSE,1165
2025,14,FALSE,FALSE,1139
2025,15,FALSE,FALSE,1158
2025,16,FALSE,FALSE,1155
2025,17,FALSE,FALSE,1137
2025,18,FALSE,FALSE,1155
2025,19,FALSE,FALSE,1171
2025,20,FALSE,FALSE,1237
2025,21,FALSE,FALSE,1218
2025,22,FALSE,FALSE,1219
2025,23,FALSE,FALSE,1277
2025,24,FALSE,FALSE,1353
2025,25,FALSE,FALSE,1372
2025,26,FALSE,FALSE,1462
2025,27,FALSE,FALSE,1592
2025,28,FALSE,FALSE,1656
2025,29,FALSE,FALSE,1637
2025,30,FALSE,FALSE,1764
2025,31,FALSE,FALSE,1878
2025,32,FALSE,FALSE,2053
2025,33,FALSE,FALSE,1981
2025,34,FALSE,FALSE,2055
2025,35,FALSE,FALSE,1923
2025,36,FALSE,FALSE,1729
2025,37,FALSE,FALSE,1120
2018,1,FALSE,TRUE,1087
2018,2,FALSE,TRUE,1285
2018,3,FALSE,TRUE,1144
2018,4,FALSE,TRUE,1131
2018,5,FALSE,TRUE,1113
2018,6,FALSE,TRUE,1204
2018,7,FALSE,TRUE,1138
2018,8,FALSE,TRUE,1059
2018,9,FALSE,TRUE,1095
2018,10,FALSE,TRUE,1108
2018,11,FALSE,TRUE,1125
2018,12,FALSE,TRUE,1037
2018,13,FALSE,TRUE,1010
2018,14,FALSE,TRUE,1079
2018,15,FALSE,TRUE,1031
2018,16,FALSE,TRUE,1029
2018,17,FALSE,TRUE,975
2018,18,FALSE,TRUE,1042
2018,19,FALSE,TRUE,1116
2018,20,FALSE,TRUE,994
2018,21,FALSE,TRUE,1003
2018,22,FALSE,TRUE,1048
2018,23,FALSE,TRUE,1032
2018,24,FALSE,TRUE,1030
2018,25,FALSE,TRUE,983
2018,26,FALSE,TRUE,1035
2018,27,FALSE,TRUE,964
2018,28,FALSE,TRUE,1019
2018,29,FALSE,TRUE,1035
2018,30,FALSE,TRUE,1006
2018,31,FALSE,TRUE,984
2018,32,FALSE,TRUE,1057
2018,33,FALSE,TRUE,998
2018,34,FALSE,TRUE,988
2018,35,FALSE,TRUE,994
2018,36,FALSE,TRUE,1042
2018,37,FALSE,TRUE,1076
2018,38,FALSE,TRUE,1014
2018,39,FALSE,TRUE,1014
2018,40,FALSE,TRUE,1016
2018,41,FALSE,TRUE,1046
2018,42,FALSE,TRUE,1057
2018,43,FALSE,TRUE,1057
2018,44,FALSE,TRUE,1068
2018,45,FALSE,TRUE,1024
2018,46,FALSE,TRUE,1068
2018,47,FALSE,TRUE,1086
2018,48,FALSE,TRUE,1091
2018,49,FALSE,TRUE,1100
2018,50,FALSE,TRUE,1162
2018,51,FALSE,TRUE,1067
2018,52,FALSE,TRUE,1114
2019,1,FALSE,TRUE,1183
2019,2,FALSE,TRUE,1060
2019,3,FALSE,TRUE,1023
2019,4,FALSE,TRUE,1094
2019,5,FALSE,TRUE,1131
2019,6,FALSE,TRUE,1054
2019,7,FALSE,TRUE,1070
2019,8,FALSE,TRUE,1085
2019,9,FALSE,TRUE,1102
2019,10,FALSE,TRUE,1099
2019,11,FALSE,TRUE,1113
2019,12,FALSE,TRUE,1080
2019,13,FALSE,TRUE,1028
2019,14,FALSE,TRUE,1047
2019,15,FALSE,TRUE,1087
2019,16,FALSE,TRUE,1030
2019,17,FALSE,TRUE,1030
2019,18,FALSE,TRUE,986
2019,19,FALSE,TRUE,967
2019,20,FALSE,TRUE,1013
2019,21,FALSE,TRUE,963
2019,22,FALSE,TRUE,1050
2019,23,FALSE,TRUE,1036
2019,24,FALSE,TRUE,1032
2019,25,FALSE,TRUE,1015
2019,26,FALSE,TRUE,963
2019,27,FALSE,TRUE,985
2019,28,FALSE,TRUE,952
2019,29,FALSE,TRUE,983
2019,30,FALSE,TRUE,1011
2019,31,FALSE,TRUE,976
2019,32,FALSE,TRUE,1009
2019,33,FALSE,TRUE,955
2019,34,FALSE,TRUE,977
2019,35,FALSE,TRUE,989
2019,36,FALSE,TRUE,990
2019,37,FALSE,TRUE,963
2019,38,FALSE,TRUE,931
2019,39,FALSE,TRUE,939
2019,40,FALSE,TRUE,981
2019,41,FALSE,TRUE,996
2019,42,FALSE,TRUE,1038
2019,43,FALSE,TRUE,999
2019,44,FALSE,TRUE,1035
2019,45,FALSE,TRUE,1049
2019,46,FALSE,TRUE,1051
2019,47,FALSE,TRUE,1007
2019,48,FALSE,TRUE,1054
2019,49,FALSE,TRUE,1107
2019,50,FALSE,TRUE,1055
2019,51,FALSE,TRUE,1137
2019,52,FALSE,TRUE,1135
2020,1,FALSE,TRUE,1208
2020,2,FALSE,TRUE,1129
2020,3,FALSE,TRUE,1065
2020,4,FALSE,TRUE,1042
2020,5,FALSE,TRUE,1094
2020,6,FALSE,TRUE,1094
2020,7,FALSE,TRUE,1043
2020,8,FALSE,TRUE,1112
2020,9,FALSE,TRUE,1077
2020,10,FALSE,TRUE,1122
2020,11,FALSE,TRUE,1051
2020,12,FALSE,TRUE,1068
2020,13,FALSE,TRUE,1088
2020,14,FALSE,TRUE,1232
2020,15,FALSE,TRUE,1233
2020,16,FALSE,TRUE,1168
2020,17,FALSE,TRUE,1113
2020,18,FALSE,TRUE,1129
2020,19,FALSE,TRUE,1120
2020,20,FALSE,TRUE,1205
2020,21,FALSE,TRUE,1169
2020,22,FALSE,TRUE,1138
2020,23,FALSE,TRUE,1159
2020,24,FALSE,TRUE,1166
2020,25,FALSE,TRUE,1175
2020,26,FALSE,TRUE,1193
2020,27,FALSE,TRUE,1148
2020,28,FALSE,TRUE,1231
2020,29,FALSE,TRUE,1207
2020,30,FALSE,TRUE,1251
2020,31,FALSE,TRUE,1161
2020,32,FALSE,TRUE,1159
2020,33,FALSE,TRUE,1137
2020,34,FALSE,TRUE,1189
2020,35,FALSE,TRUE,1188
2020,36,FALSE,TRUE,1173
2020,37,FALSE,TRUE,1149
2020,38,FALSE,TRUE,1111
2020,39,FALSE,TRUE,1188
2020,40,FALSE,TRUE,1113
2020,41,FALSE,TRUE,1185
2020,42,FALSE,TRUE,1181
2020,43,FALSE,TRUE,1178
2020,44,FALSE,TRUE,1150
2020,45,FALSE,TRUE,1210
2020,46,FALSE,TRUE,1190
2020,47,FALSE,TRUE,1105
2020,48,FALSE,TRUE,1223
2020,49,FALSE,TRUE,1228
2020,50,FALSE,TRUE,1204
2020,51,FALSE,TRUE,1296
2020,52,FALSE,TRUE,1324
2020,53,FALSE,TRUE,1293
2021,1,FALSE,TRUE,1307
2021,2,FALSE,TRUE,1316
2021,3,FALSE,TRUE,1202
2021,4,FALSE,TRUE,1244
2021,5,FALSE,TRUE,1184
2021,6,FALSE,TRUE,1203
2021,7,FALSE,TRUE,1227
2021,8,FALSE,TRUE,1224
2021,9,FALSE,TRUE,1162
2021,10,FALSE,TRUE,1123
2021,11,FALSE,TRUE,1189
2021,12,FALSE,TRUE,1217
2021,13,FALSE,TRUE,1253
2021,14,FALSE,TRUE,1142
2021,15,FALSE,TRUE,1216
2021,16,FALSE,TRUE,1190
2021,17,FALSE,TRUE,1157
2021,18,FALSE,TRUE,1128
2021,19,FALSE,TRUE,1136
2021,20,FALSE,TRUE,1161
2021,21,FALSE,TRUE,1099
2021,22,FALSE,TRUE,1223
2021,23,FALSE,TRUE,1159
2021,24,FALSE,TRUE,1157
2021,25,FALSE,TRUE,1206
2021,26,FALSE,TRUE,1172
2021,27,FALSE,TRUE,1159
2021,28,FALSE,TRUE,1132
2021,29,FALSE,TRUE,1147
2021,30,FALSE,TRUE,1224
2021,31,FALSE,TRUE,1211
2021,32,FALSE,TRUE,1248
2021,33,FALSE,TRUE,1215
2021,34,FALSE,TRUE,1302
2021,35,FALSE,TRUE,1316
2021,36,FALSE,TRUE,1341
2021,37,FALSE,TRUE,1201
2021,38,FALSE,TRUE,1264
2021,39,FALSE,TRUE,1264
2021,40,FALSE,TRUE,1289
2021,41,FALSE,TRUE,1213
2021,42,FALSE,TRUE,1251
2021,43,FALSE,TRUE,1234
2021,44,FALSE,TRUE,1246
2021,45,FALSE,TRUE,1201
2021,46,FALSE,TRUE,1187
2021,47,FALSE,TRUE,1314
2021,48,FALSE,TRUE,1283
2021,49,FALSE,TRUE,1349
2021,50,FALSE,TRUE,1339
2021,51,FALSE,TRUE,1315
2021,52,FALSE,TRUE,1408
2022,1,FALSE,TRUE,1255
2022,2,FALSE,TRUE,1270
2022,3,FALSE,TRUE,1289
2022,4,FALSE,TRUE,1172
2022,5,FALSE,TRUE,1208
2022,6,FALSE,TRUE,1174
2022,7,FALSE,TRUE,1189
2022,8,FALSE,TRUE,1123
2022,9,FALSE,TRUE,1192
2022,10,FALSE,TRUE,1117
2022,11,FALSE,TRUE,1114
2022,12,FALSE,TRUE,1130
2022,13,FALSE,TRUE,1141
2022,14,FALSE,TRUE,1135
2022,15,FALSE,TRUE,1114
2022,16,FALSE,TRUE,1104
2022,17,FALSE,TRUE,1063
2022,18,FALSE,TRUE,1087
2022,19,FALSE,TRUE,1062
2022,20,FALSE,TRUE,1043
2022,21,FALSE,TRUE,1066
2022,22,FALSE,TRUE,1108
2022,23,FALSE,TRUE,1133
2022,24,FALSE,TRUE,1161
2022,25,FALSE,TRUE,1109
2022,26,FALSE,TRUE,1119
2022,27,FALSE,TRUE,1132
2022,28,FALSE,TRUE,1169
2022,29,FALSE,TRUE,1123
2022,30,FALSE,TRUE,1149
2022,31,FALSE,TRUE,1127
2022,32,FALSE,TRUE,1082
2022,33,FALSE,TRUE,1037
2022,34,FALSE,TRUE,1110
2022,35,FALSE,TRUE,1081
2022,36,FALSE,TRUE,1198
2022,37,FALSE,TRUE,1144
2022,38,FALSE,TRUE,1169
2022,39,FALSE,TRUE,1126
2022,40,FALSE,TRUE,1110
2022,41,FALSE,TRUE,1105
2022,42,FALSE,TRUE,1113
2022,43,FALSE,TRUE,1177
2022,44,FALSE,TRUE,1217
2022,45,FALSE,TRUE,1176
2022,46,FALSE,TRUE,1211
2022,47,FALSE,TRUE,1202
2022,48,FALSE,TRUE,1266
2022,49,FALSE,TRUE,1257
2022,50,FALSE,TRUE,1252
2022,51,FALSE,TRUE,1319
2022,52,FALSE,TRUE,1392
2023,1,FALSE,TRUE,1217
2023,2,FALSE,TRUE,1198
2023,3,FALSE,TRUE,1107
2023,4,FALSE,TRUE,1154
2023,5,FALSE,TRUE,1134
2023,6,FALSE,TRUE,1142
2023,7,FALSE,TRUE,1067
2023,8,FALSE,TRUE,1073
2023,9,FALSE,TRUE,1102
2023,10,FALSE,TRUE,1074
2023,11,FALSE,TRUE,1094
2023,12,FALSE,TRUE,1059
2023,13,FALSE,TRUE,1076
2023,14,FALSE,TRUE,1077
2023,15,FALSE,TRUE,1081
2023,16,FALSE,TRUE,1056
2023,17,FALSE,TRUE,1077
2023,18,FALSE,TRUE,1111
2023,19,FALSE,TRUE,1098
2023,20,FALSE,TRUE,1077
2023,21,FALSE,TRUE,1044
2023,22,FALSE,TRUE,1061
2023,23,FALSE,TRUE,1083
2023,24,FALSE,TRUE,1074
2023,25,FALSE,TRUE,995
2023,26,FALSE,TRUE,1030
2023,27,FALSE,TRUE,1167
2023,28,FALSE,TRUE,1053
2023,29,FALSE,TRUE,1022
2023,30,FALSE,TRUE,1047
2023,31,FALSE,TRUE,1072
2023,32,FALSE,TRUE,1064
2023,33,FALSE,TRUE,1079
2023,34,FALSE,TRUE,1046
2023,35,FALSE,TRUE,1036
2023,36,FALSE,TRUE,1013
2023,37,FALSE,TRUE,1045
2023,38,FALSE,TRUE,1063
2023,39,FALSE,TRUE,1080
2023,40,FALSE,TRUE,1116
2023,41,FALSE,TRUE,1088
2023,42,FALSE,TRUE,1001
2023,43,FALSE,TRUE,1066
2023,44,FALSE,TRUE,1089
2023,45,FALSE,TRUE,1090
2023,46,FALSE,TRUE,1084
2023,47,FALSE,TRUE,1172
2023,48,FALSE,TRUE,1136
2023,49,FALSE,TRUE,1108
2023,50,FALSE,TRUE,1174
2023,51,FALSE,TRUE,1166
2023,52,FALSE,TRUE,1253
2024,1,FALSE,TRUE,1196
2024,2,FALSE,TRUE,1150
2024,3,FALSE,TRUE,1132
2024,4,FALSE,TRUE,1091
2024,5,FALSE,TRUE,1099
2024,6,FALSE,TRUE,1104
2024,7,FALSE,TRUE,1037
2024,8,FALSE,TRUE,1054
2024,9,FALSE,TRUE,1100
2024,10,FALSE,TRUE,1032
2024,11,FALSE,TRUE,1059
2024,12,FALSE,TRUE,1024
2024,13,FALSE,TRUE,1019
2024,14,FALSE,TRUE,1016
2024,15,FALSE,TRUE,1088
2024,16,FALSE,TRUE,1050
2024,17,FALSE,TRUE,1039
2024,18,FALSE,TRUE,1010
2024,19,FALSE,TRUE,1023
2024,20,FALSE,TRUE,1023
2024,21,FALSE,TRUE,1045
2024,22,FALSE,TRUE,1041
2024,23,FALSE,TRUE,1065
2024,24,FALSE,TRUE,1038
2024,25,FALSE,TRUE,1040
2024,26,FALSE,TRUE,1027
2024,27,FALSE,TRUE,1030
2024,28,FALSE,TRUE,1029
2024,29,FALSE,TRUE,973
2024,30,FALSE,TRUE,926
2024,31,FALSE,TRUE,982
2024,32,FALSE,TRUE,978
2024,33,FALSE,TRUE,969
2024,34,FALSE,TRUE,947
2024,35,FALSE,TRUE,963
2024,36,FALSE,TRUE,985
2024,37,FALSE,TRUE,890
2024,38,FALSE,TRUE,948
2024,39,FALSE,TRUE,939
2024,40,FALSE,TRUE,971
2024,41,FALSE,TRUE,1024
2024,42,FALSE,TRUE,1027
2024,43,FALSE,TRUE,951
2024,44,FALSE,TRUE,940
2024,45,FALSE,TRUE,1079
2024,46,FALSE,TRUE,981
2024,47,FALSE,TRUE,1011
2024,48,FALSE,TRUE,1004
2024,49,FALSE,TRUE,1043
2024,50,FALSE,TRUE,1047
2024,51,FALSE,TRUE,1048
2024,52,FALSE,TRUE,1131
2025,1,FALSE,TRUE,1186
2025,2,FALSE,TRUE,1209
2025,3,FALSE,TRUE,1185
2025,4,FALSE,TRUE,1234
2025,5,FALSE,TRUE,1249
2025,6,FALSE,TRUE,1223
2025,7,FALSE,TRUE,1175
2025,8,FALSE,TRUE,1292
2025,9,FALSE,TRUE,1164
2025,10,FALSE,TRUE,1151
2025,11,FALSE,TRUE,1217
2025,12,FALSE,TRUE,1205
2025,13,FALSE,TRUE,1165
2025,14,FALSE,TRUE,1139
2025,15,FALSE,TRUE,1158
2025,16,FALSE,TRUE,1155
2025,17,FALSE,TRUE,1137
2025,18,FALSE,TRUE,1155
2025,19,FALSE,TRUE,1171
2025,20,FALSE,TRUE,1237
2025,21,FALSE,TRUE,1218
2025,22,FALSE,TRUE,1219
2025,23,FALSE,TRUE,1277
2025,24,FALSE,TRUE,1353
2025,25,FALSE,TRUE,1372
2025,26,FALSE,TRUE,1462
2025,27,FALSE,TRUE,1592
2025,28,FALSE,TRUE,1656
2025,29,FALSE,TRUE,1637
2025,30,FALSE,TRUE,1764
2025,31,FALSE,TRUE,1878
2025,32,FALSE,TRUE,2053
2025,33,FALSE,TRUE,1981
2025,34,FALSE,TRUE,2055
2025,35,FALSE,TRUE,1923
2025,36,FALSE,TRUE,1729
2025,37,FALSE,TRUE,1120
